Lane,Sample_ID,Sample_Name,index,Sample_Project,Description,code_name,hr,Inject,PMNs_added,dualseq_expt,filename
5,Sample_112297,112297_CGATGT,CGATGT,oriordan,PBS_2h-1,PBS_2h,2,PBS,0,2,112297_CGATGT_S1_L005_R1_001.fastq
5,Sample_112298,112298_CAGATC,CAGATC,oriordan,PBS_2h-2,PBS_2h,2,PBS,0,2,112298_CAGATC_S2_L005_R1_001.fastq
5,Sample_112299,112299_GTGAAA,GTGAAA,oriordan,PBS_2h-3,PBS_2h,2,PBS,0,2,112299_GTGAAA_S3_L005_R1_001.fastq
5,Sample_112300,112300_TGACCA,TGACCA,oriordan,PBS_2h-4,PBS_2h,2,PBS,0,2,112300_TGACCA_S4_L005_R1_001.fastq
5,Sample_112301,112301_GAGTGG,GAGTGG,oriordan,PBS_8h-1,PBS_8h,8,PBS,0,2,112301_GAGTGG_S5_L005_R1_001.fastq
5,Sample_112302,112302_ATCACG,ATCACG,oriordan,PBS_8h-2,PBS_8h,8,PBS,0,2,112302_ATCACG_S6_L005_R1_001.fastq
5,Sample_112303,112303_TAGCTT,TAGCTT,oriordan,PBS_8h-3,PBS_8h,8,PBS,0,2,112303_TAGCTT_S7_L005_R1_001.fastq
5,Sample_112304,112304_GTGGCC,GTGGCC,oriordan,PBS_8h-4,PBS_8h,8,PBS,0,2,112304_GTGGCC_S8_L005_R1_001.fastq
5,Sample_112305,112305_AGTCAA,AGTCAA,oriordan,STM_2h-1,STM_2h,2,STM,0,2,112305_AGTCAA_S9_L005_R1_001.fastq
5,Sample_112306,112306_GTCCGC,GTCCGC,oriordan,STM_2h-2,STM_2h,2,STM,0,2,112306_GTCCGC_S10_L005_R1_001.fastq
5,Sample_112307,112307_ACAGTG,ACAGTG,oriordan,STM_2h-3,STM_2h,2,STM,0,2,112307_ACAGTG_S11_L005_R1_001.fastq
5,Sample_112308,112308_GCCAAT,GCCAAT,oriordan,STM_2h-4,STM_2h,2,STM,0,2,112308_GCCAAT_S12_L005_R1_001.fastq
5,Sample_112309,112309_ATGTCA,ATGTCA,oriordan,STM_8h-1,STM_8h,8,STM,0,2,112309_ATGTCA_S13_L005_R1_001.fastq
5,Sample_112310,112310_CTTGTA,CTTGTA,oriordan,STM_8h-2,STM_8h,8,STM,0,2,112310_CTTGTA_S14_L005_R1_001.fastq
5,Sample_112311,112311_CCGTCC,CCGTCC,oriordan,STM_8h-3,STM_8h,8,STM,0,2,112311_CCGTCC_S15_L005_R1_001.fastq
6,Sample_112312,112312_TTAGGC,TTAGGC,oriordan,STM_8h-4,STM_8h,8,STM,0,2,112312_TTAGGC_S16_L006_R1_001.fastq
6,Sample_112313,112313_GATCAG,GATCAG,oriordan,ST_2h-1,ST_2h,2,ST,0,2,112313_GATCAG_S17_L006_R1_001.fastq
6,Sample_112314,112314_ACTGAT,ACTGAT,oriordan,ST_2h-2,ST_2h,2,ST,0,2,112314_ACTGAT_S18_L006_R1_001.fastq
6,Sample_112315,112315_ATTCCT,ATTCCT,oriordan,ST_2h-3,ST_2h,2,ST,0,2,112315_ATTCCT_S19_L006_R1_001.fastq
6,Sample_112316,112316_GGCTAC,GGCTAC,oriordan,ST_2h-4,ST_2h,2,ST,0,2,112316_GGCTAC_S20_L006_R1_001.fastq
6,Sample_112317,112317_ACTTGA,ACTTGA,oriordan,ST_8h-1,ST_8h,8,ST,0,2,112317_ACTTGA_S21_L006_R1_001.fastq
6,Sample_112318,112318_CGTACG,CGTACG,oriordan,ST_8h-2,ST_8h,8,ST,0,2,112318_CGTACG_S22_L006_R1_001.fastq
6,Sample_112319,112319_AGTTCC,AGTTCC,oriordan,ST_8h-3,ST_8h,8,ST,0,2,112319_AGTTCC_S23_L006_R1_001.fastq
6,Sample_112320,112320_GTTTCG,GTTTCG,oriordan,ST_8h-4,ST_8h,8,ST,0,2,112320_GTTTCG_S24_L006_R1_001.fastq
6,Sample_112321,112321_CGATGT,CGATGT,oriordan,SE_2h-1,SE_2h,2,SE,0,2,112321_CGATGT_S25_L006_R1_001.fastq
6,Sample_112322,112322_CAGATC,CAGATC,oriordan,SE_2h-2,SE_2h,2,SE,0,2,112322_CAGATC_S26_L006_R1_001.fastq
6,Sample_112323,112323_GTGAAA,GTGAAA,oriordan,SE_2h-3,SE_2h,2,SE,0,2,112323_GTGAAA_S27_L006_R1_001.fastq
6,Sample_112324,112324_TGACCA,TGACCA,oriordan,SE_2h-4,SE_2h,2,SE,0,2,112324_TGACCA_S28_L006_R1_001.fastq
6,Sample_112325,112325_GAGTGG,GAGTGG,oriordan,SE_8h-1,SE_8h,8,SE,0,2,112325_GAGTGG_S29_L006_R1_001.fastq
6,Sample_112326,112326_ATCACG,ATCACG,oriordan,SE_8h-2,SE_8h,8,SE,0,2,112326_ATCACG_S30_L006_R1_001.fastq
7,Sample_112327,112327_TAGCTT,TAGCTT,oriordan,SE_8h-3,SE_8h,8,SE,0,2,112327_TAGCTT_S31_L007_R1_001.fastq
7,Sample_112328,112328_GTGGCC,GTGGCC,oriordan,SE_8h-4,SE_8h,8,SE,0,2,112328_GTGGCC_S32_L007_R1_001.fastq
7,Sample_112329,112329_AGTCAA,AGTCAA,oriordan,SPI1_2h-1,SPI1_2h,2,SPI1,0,2,112329_AGTCAA_S33_L007_R1_001.fastq
7,Sample_112330,112330_GTCCGC,GTCCGC,oriordan,SPI1_2h-2,SPI1_2h,2,SPI1,0,2,112330_GTCCGC_S34_L007_R1_001.fastq
7,Sample_112331,112331_ATTCCT,ATTCCT,oriordan,SPI1_2h-3,SPI1_2h,2,SPI1,0,2,112331_ATTCCT_S35_L007_R1_001.fastq
7,Sample_112332,112332_GCCAAT,GCCAAT,oriordan,SPI1_2h-4,SPI1_2h,2,SPI1,0,2,112332_GCCAAT_S36_L007_R1_001.fastq
7,Sample_112333,112333_ATGTCA,ATGTCA,oriordan,SPI1_8h-1,SPI1_8h,8,SPI1,0,2,112333_ATGTCA_S37_L007_R1_001.fastq
7,Sample_112334,112334_CTTGTA,CTTGTA,oriordan,SPI1_8h-2,SPI1_8h,8,SPI1,0,2,112334_CTTGTA_S38_L007_R1_001.fastq
7,Sample_112335,112335_CCGTCC,CCGTCC,oriordan,SPI1_8h-3,SPI1_8h,8,SPI1,0,2,112335_CCGTCC_S39_L007_R1_001.fastq
7,Sample_112336,112336_TTAGGC,TTAGGC,oriordan,SPI1_8h-4,SPI1_8h,8,SPI1,0,2,112336_TTAGGC_S40_L007_R1_001.fastq
7,Sample_112337,112337_GATCAG,GATCAG,oriordan,SPI2_2h-1,SPI2_2h,2,SPI2,0,2,112337_GATCAG_S41_L007_R1_001.fastq
7,Sample_112338,112338_ACTGAT,ACTGAT,oriordan,SPI2_2h-2,SPI2_2h,2,SPI2,0,2,112338_ACTGAT_S42_L007_R1_001.fastq
7,Sample_112339,112339_ACAGTG,ACAGTG,oriordan,SPI2_2h-3,SPI2_2h,2,SPI2,0,2,112339_ACAGTG_S43_L007_R1_001.fastq
7,Sample_112340,112340_GGCTAC,GGCTAC,oriordan,SPI2_2h-4,SPI2_2h,2,SPI2,0,2,112340_GGCTAC_S44_L007_R1_001.fastq
7,Sample_112341,112341_ACTTGA,ACTTGA,oriordan,SPI2_8h-1,SPI2_8h,8,SPI2,0,2,112341_ACTTGA_S45_L007_R1_001.fastq
8,Sample_112342,112342_CGTACG,CGTACG,oriordan,SPI2_8h-2,SPI2_8h,8,SPI2,0,2,112342_CGTACG_S46_L008_R1_001.fastq
8,Sample_112343,112343_AGTTCC,AGTTCC,oriordan,SPI2_8h-3,SPI2_8h,8,SPI2,0,2,112343_AGTTCC_S47_L008_R1_001.fastq
8,Sample_112344,112344_GTTTCG,GTTTCG,oriordan,SPI2_8h-4,SPI2_8h,8,SPI2,0,2,112344_GTTTCG_S48_L008_R1_001.fastq
8,Sample_112345,112345_CGATGT,CGATGT,oriordan,SE-1,SE,8,SE,0,1,112345_CGATGT_S49_L008_R1_001.fastq
8,Sample_112346,112346_CAGATC,CAGATC,oriordan,SE-2,SE,8,SE,0,1,112346_CAGATC_S50_L008_R1_001.fastq
8,Sample_112347,112347_GTGAAA,GTGAAA,oriordan,SE-3,SE,8,SE,0,1,112347_GTGAAA_S51_L008_R1_001.fastq
8,Sample_112348,112348_TGACCA,TGACCA,oriordan,SE-4,SE,8,SE,0,1,112348_TGACCA_S52_L008_R1_001.fastq
8,Sample_112349,112349_GAGTGG,GAGTGG,oriordan,PMN-HIO-SE-1,PMN_SE,8,SE,1,1,112349_GAGTGG_S53_L008_R1_001.fastq
8,Sample_112350,112350_ATCACG,ATCACG,oriordan,PMN-HIO-SE-2,PMN_SE,8,SE,1,1,112350_ATCACG_S54_L008_R1_001.fastq
8,Sample_112351,112351_TAGCTT,TAGCTT,oriordan,PMN-HIO-SE-3,PMN_SE,8,SE,1,1,112351_TAGCTT_S55_L008_R1_001.fastq
8,Sample_112352,112352_GTGGCC,GTGGCC,oriordan,PMN-HIO-SE-4,PMN_SE,8,SE,1,1,112352_GTGGCC_S56_L008_R1_001.fastq
8,Sample_112353,112353_AGTCAA,AGTCAA,oriordan,PMN-HIO-STM-1,PMN_STM,8,STM,1,1,112353_AGTCAA_S57_L008_R1_001.fastq
8,Sample_112354,112354_GTCCGC,GTCCGC,oriordan,PMN-HIO-STM-2,PMN_STM,8,STM,1,1,112354_GTCCGC_S58_L008_R1_001.fastq
8,Sample_112355,112355_ACAGTG,ACAGTG,oriordan,PMN-HIO-STM-3,PMN_STM,8,STM,1,1,112355_ACAGTG_S59_L008_R1_001.fastq
8,Sample_112356,112356_GCCAAT,GCCAAT,oriordan,PMN-HIO-STM-4,PMN_STM,8,STM,1,1,112356_GCCAAT_S60_L008_R1_001.fastq