"","n_targets","n_bootstraps","n_processed","n_pseudoaligned","n_unique","p_pseudoaligned","p_unique","kallisto_version","index_version","start_time","call","Sample_ID","idx","Lane","Sample_Name","Sample_Plate","Sample_Well","I7_Index_ID","index","index2","Sample_Project","Description","Sample_Type","strain","genbank","short_name"
"1",4642,100,23231952,6,6,0,0,"0.44.0",10,"Thu Sep 13 10:56:41 2018","kallisto quant -i ../data/genomes/GCF_000009505.1_ASM950v1_cds_from_genomic.fna.gz.idx --output-dir=../results/Run_2374/SE//112297_CGATGT_S1_L005_R1_001.fastq --threads=8 --bootstrap-samples=100 --single --fragment-length=50 --sd=1 ../data/Run_2374/oriordan/Sample_112297/112297_CGATGT_S1_L005_R1_001.fastq.gz","Sample_112297","GCF_000009505.1_ASM950v1_cds_from_genomic.fna.gz.idx",5,"112297_CGATGT",NA,NA,NA,"CGATGT",NA,"oriordan","PBS_2h-1","RNA","Salmonella enterica subsp. enterica serovar Enteritidis str. P125109","AM933172.1","S. Enteritidis"
"2",4642,100,15469743,4,4,0,0,"0.44.0",10,"Thu Sep 13 10:57:29 2018","kallisto quant -i ../data/genomes/GCF_000009505.1_ASM950v1_cds_from_genomic.fna.gz.idx --output-dir=../results/Run_2374/SE//112298_CAGATC_S2_L005_R1_001.fastq --threads=8 --bootstrap-samples=100 --single --fragment-length=50 --sd=1 ../data/Run_2374/oriordan/Sample_112298/112298_CAGATC_S2_L005_R1_001.fastq.gz","Sample_112298","GCF_000009505.1_ASM950v1_cds_from_genomic.fna.gz.idx",5,"112298_CAGATC",NA,NA,NA,"CAGATC",NA,"oriordan","PBS_2h-2","RNA","Salmonella enterica subsp. enterica serovar Enteritidis str. P125109","AM933172.1","S. Enteritidis"
"3",4642,100,20110667,2,2,0,0,"0.44.0",10,"Thu Sep 13 10:58:00 2018","kallisto quant -i ../data/genomes/GCF_000009505.1_ASM950v1_cds_from_genomic.fna.gz.idx --output-dir=../results/Run_2374/SE//112299_GTGAAA_S3_L005_R1_001.fastq --threads=8 --bootstrap-samples=100 --single --fragment-length=50 --sd=1 ../data/Run_2374/oriordan/Sample_112299/112299_GTGAAA_S3_L005_R1_001.fastq.gz","Sample_112299","GCF_000009505.1_ASM950v1_cds_from_genomic.fna.gz.idx",5,"112299_GTGAAA",NA,NA,NA,"GTGAAA",NA,"oriordan","PBS_2h-3","RNA","Salmonella enterica subsp. enterica serovar Enteritidis str. P125109","AM933172.1","S. Enteritidis"
"4",4642,100,22306639,7,7,0,0,"0.44.0",10,"Thu Sep 13 10:58:40 2018","kallisto quant -i ../data/genomes/GCF_000009505.1_ASM950v1_cds_from_genomic.fna.gz.idx --output-dir=../results/Run_2374/SE//112300_TGACCA_S4_L005_R1_001.fastq --threads=8 --bootstrap-samples=100 --single --fragment-length=50 --sd=1 ../data/Run_2374/oriordan/Sample_112300/112300_TGACCA_S4_L005_R1_001.fastq.gz","Sample_112300","GCF_000009505.1_ASM950v1_cds_from_genomic.fna.gz.idx",5,"112300_TGACCA",NA,NA,NA,"TGACCA",NA,"oriordan","PBS_2h-4","RNA","Salmonella enterica subsp. enterica serovar Enteritidis str. P125109","AM933172.1","S. Enteritidis"
"5",4642,100,21717451,2,2,0,0,"0.44.0",10,"Thu Sep 13 10:59:24 2018","kallisto quant -i ../data/genomes/GCF_000009505.1_ASM950v1_cds_from_genomic.fna.gz.idx --output-dir=../results/Run_2374/SE//112301_GAGTGG_S5_L005_R1_001.fastq --threads=8 --bootstrap-samples=100 --single --fragment-length=50 --sd=1 ../data/Run_2374/oriordan/Sample_112301/112301_GAGTGG_S5_L005_R1_001.fastq.gz","Sample_112301","GCF_000009505.1_ASM950v1_cds_from_genomic.fna.gz.idx",5,"112301_GAGTGG",NA,NA,NA,"GAGTGG",NA,"oriordan","PBS_8h-1","RNA","Salmonella enterica subsp. enterica serovar Enteritidis str. P125109","AM933172.1","S. Enteritidis"
"6",4642,100,16599562,8,8,0,0,"0.44.0",10,"Thu Sep 13 11:00:06 2018","kallisto quant -i ../data/genomes/GCF_000009505.1_ASM950v1_cds_from_genomic.fna.gz.idx --output-dir=../results/Run_2374/SE//112302_ATCACG_S6_L005_R1_001.fastq --threads=8 --bootstrap-samples=100 --single --fragment-length=50 --sd=1 ../data/Run_2374/oriordan/Sample_112302/112302_ATCACG_S6_L005_R1_001.fastq.gz","Sample_112302","GCF_000009505.1_ASM950v1_cds_from_genomic.fna.gz.idx",5,"112302_ATCACG",NA,NA,NA,"ATCACG",NA,"oriordan","PBS_8h-2","RNA","Salmonella enterica subsp. enterica serovar Enteritidis str. P125109","AM933172.1","S. Enteritidis"
"7",4642,100,19206428,3,3,0,0,"0.44.0",10,"Thu Sep 13 11:00:39 2018","kallisto quant -i ../data/genomes/GCF_000009505.1_ASM950v1_cds_from_genomic.fna.gz.idx --output-dir=../results/Run_2374/SE//112303_TAGCTT_S7_L005_R1_001.fastq --threads=8 --bootstrap-samples=100 --single --fragment-length=50 --sd=1 ../data/Run_2374/oriordan/Sample_112303/112303_TAGCTT_S7_L005_R1_001.fastq.gz","Sample_112303","GCF_000009505.1_ASM950v1_cds_from_genomic.fna.gz.idx",5,"112303_TAGCTT",NA,NA,NA,"TAGCTT",NA,"oriordan","PBS_8h-3","RNA","Salmonella enterica subsp. enterica serovar Enteritidis str. P125109","AM933172.1","S. Enteritidis"
"8",4642,100,13680754,6,6,0,0,"0.44.0",10,"Thu Sep 13 11:01:17 2018","kallisto quant -i ../data/genomes/GCF_000009505.1_ASM950v1_cds_from_genomic.fna.gz.idx --output-dir=../results/Run_2374/SE//112304_GTGGCC_S8_L005_R1_001.fastq --threads=8 --bootstrap-samples=100 --single --fragment-length=50 --sd=1 ../data/Run_2374/oriordan/Sample_112304/112304_GTGGCC_S8_L005_R1_001.fastq.gz","Sample_112304","GCF_000009505.1_ASM950v1_cds_from_genomic.fna.gz.idx",5,"112304_GTGGCC",NA,NA,NA,"GTGGCC",NA,"oriordan","PBS_8h-4","RNA","Salmonella enterica subsp. enterica serovar Enteritidis str. P125109","AM933172.1","S. Enteritidis"
"9",4642,100,15352543,6840,6781,0,0,"0.44.0",10,"Thu Sep 13 11:01:45 2018","kallisto quant -i ../data/genomes/GCF_000009505.1_ASM950v1_cds_from_genomic.fna.gz.idx --output-dir=../results/Run_2374/SE//112305_AGTCAA_S9_L005_R1_001.fastq --threads=8 --bootstrap-samples=100 --single --fragment-length=50 --sd=1 ../data/Run_2374/oriordan/Sample_112305/112305_AGTCAA_S9_L005_R1_001.fastq.gz","Sample_112305","GCF_000009505.1_ASM950v1_cds_from_genomic.fna.gz.idx",5,"112305_AGTCAA",NA,NA,NA,"AGTCAA",NA,"oriordan","STM_2h-1","RNA","Salmonella enterica subsp. enterica serovar Enteritidis str. P125109","AM933172.1","S. Enteritidis"
"10",4642,100,14477746,10278,10168,0.1,0.1,"0.44.0",10,"Thu Sep 13 11:02:16 2018","kallisto quant -i ../data/genomes/GCF_000009505.1_ASM950v1_cds_from_genomic.fna.gz.idx --output-dir=../results/Run_2374/SE//112306_GTCCGC_S10_L005_R1_001.fastq --threads=8 --bootstrap-samples=100 --single --fragment-length=50 --sd=1 ../data/Run_2374/oriordan/Sample_112306/112306_GTCCGC_S10_L005_R1_001.fastq.gz","Sample_112306","GCF_000009505.1_ASM950v1_cds_from_genomic.fna.gz.idx",5,"112306_GTCCGC",NA,NA,NA,"GTCCGC",NA,"oriordan","STM_2h-2","RNA","Salmonella enterica subsp. enterica serovar Enteritidis str. P125109","AM933172.1","S. Enteritidis"
"11",4642,100,17290220,6508,6451,0,0,"0.44.0",10,"Thu Sep 13 11:02:45 2018","kallisto quant -i ../data/genomes/GCF_000009505.1_ASM950v1_cds_from_genomic.fna.gz.idx --output-dir=../results/Run_2374/SE//112307_ACAGTG_S11_L005_R1_001.fastq --threads=8 --bootstrap-samples=100 --single --fragment-length=50 --sd=1 ../data/Run_2374/oriordan/Sample_112307/112307_ACAGTG_S11_L005_R1_001.fastq.gz","Sample_112307","GCF_000009505.1_ASM950v1_cds_from_genomic.fna.gz.idx",5,"112307_ACAGTG",NA,NA,NA,"ACAGTG",NA,"oriordan","STM_2h-3","RNA","Salmonella enterica subsp. enterica serovar Enteritidis str. P125109","AM933172.1","S. Enteritidis"
"12",4642,100,18847554,5428,5378,0,0,"0.44.0",10,"Thu Sep 13 11:03:19 2018","kallisto quant -i ../data/genomes/GCF_000009505.1_ASM950v1_cds_from_genomic.fna.gz.idx --output-dir=../results/Run_2374/SE//112308_GCCAAT_S12_L005_R1_001.fastq --threads=8 --bootstrap-samples=100 --single --fragment-length=50 --sd=1 ../data/Run_2374/oriordan/Sample_112308/112308_GCCAAT_S12_L005_R1_001.fastq.gz","Sample_112308","GCF_000009505.1_ASM950v1_cds_from_genomic.fna.gz.idx",5,"112308_GCCAAT",NA,NA,NA,"GCCAAT",NA,"oriordan","STM_2h-4","RNA","Salmonella enterica subsp. enterica serovar Enteritidis str. P125109","AM933172.1","S. Enteritidis"
"13",4642,100,20222208,7558,7514,0,0,"0.44.0",10,"Thu Sep 13 11:03:57 2018","kallisto quant -i ../data/genomes/GCF_000009505.1_ASM950v1_cds_from_genomic.fna.gz.idx --output-dir=../results/Run_2374/SE//112309_ATGTCA_S13_L005_R1_001.fastq --threads=8 --bootstrap-samples=100 --single --fragment-length=50 --sd=1 ../data/Run_2374/oriordan/Sample_112309/112309_ATGTCA_S13_L005_R1_001.fastq.gz","Sample_112309","GCF_000009505.1_ASM950v1_cds_from_genomic.fna.gz.idx",5,"112309_ATGTCA",NA,NA,NA,"ATGTCA",NA,"oriordan","STM_8h-1","RNA","Salmonella enterica subsp. enterica serovar Enteritidis str. P125109","AM933172.1","S. Enteritidis"
"14",4642,100,12708820,14490,14416,0.1,0.1,"0.44.0",10,"Thu Sep 13 11:04:37 2018","kallisto quant -i ../data/genomes/GCF_000009505.1_ASM950v1_cds_from_genomic.fna.gz.idx --output-dir=../results/Run_2374/SE//112310_CTTGTA_S14_L005_R1_001.fastq --threads=8 --bootstrap-samples=100 --single --fragment-length=50 --sd=1 ../data/Run_2374/oriordan/Sample_112310/112310_CTTGTA_S14_L005_R1_001.fastq.gz","Sample_112310","GCF_000009505.1_ASM950v1_cds_from_genomic.fna.gz.idx",5,"112310_CTTGTA",NA,NA,NA,"CTTGTA",NA,"oriordan","STM_8h-2","RNA","Salmonella enterica subsp. enterica serovar Enteritidis str. P125109","AM933172.1","S. Enteritidis"
"15",4642,100,16544634,13636,13559,0.1,0.1,"0.44.0",10,"Thu Sep 13 11:05:03 2018","kallisto quant -i ../data/genomes/GCF_000009505.1_ASM950v1_cds_from_genomic.fna.gz.idx --output-dir=../results/Run_2374/SE//112311_CCGTCC_S15_L005_R1_001.fastq --threads=8 --bootstrap-samples=100 --single --fragment-length=50 --sd=1 ../data/Run_2374/oriordan/Sample_112311/112311_CCGTCC_S15_L005_R1_001.fastq.gz","Sample_112311","GCF_000009505.1_ASM950v1_cds_from_genomic.fna.gz.idx",5,"112311_CCGTCC",NA,NA,NA,"CCGTCC",NA,"oriordan","STM_8h-3","RNA","Salmonella enterica subsp. enterica serovar Enteritidis str. P125109","AM933172.1","S. Enteritidis"
"16",4642,100,17760746,12508,12413,0.1,0.1,"0.44.0",10,"Thu Sep 13 11:05:36 2018","kallisto quant -i ../data/genomes/GCF_000009505.1_ASM950v1_cds_from_genomic.fna.gz.idx --output-dir=../results/Run_2374/SE//112312_TTAGGC_S16_L006_R1_001.fastq --threads=8 --bootstrap-samples=100 --single --fragment-length=50 --sd=1 ../data/Run_2374/oriordan/Sample_112312/112312_TTAGGC_S16_L006_R1_001.fastq.gz","Sample_112312","GCF_000009505.1_ASM950v1_cds_from_genomic.fna.gz.idx",6,"112312_TTAGGC",NA,NA,NA,"TTAGGC",NA,"oriordan","STM_8h-4","RNA","Salmonella enterica subsp. enterica serovar Enteritidis str. P125109","AM933172.1","S. Enteritidis"
"17",4642,100,23492144,3049,3020,0,0,"0.44.0",10,"Thu Sep 13 11:06:12 2018","kallisto quant -i ../data/genomes/GCF_000009505.1_ASM950v1_cds_from_genomic.fna.gz.idx --output-dir=../results/Run_2374/SE//112313_GATCAG_S17_L006_R1_001.fastq --threads=8 --bootstrap-samples=100 --single --fragment-length=50 --sd=1 ../data/Run_2374/oriordan/Sample_112313/112313_GATCAG_S17_L006_R1_001.fastq.gz","Sample_112313","GCF_000009505.1_ASM950v1_cds_from_genomic.fna.gz.idx",6,"112313_GATCAG",NA,NA,NA,"GATCAG",NA,"oriordan","ST_2h-1","RNA","Salmonella enterica subsp. enterica serovar Enteritidis str. P125109","AM933172.1","S. Enteritidis"
"18",4642,100,14190594,3383,3352,0,0,"0.44.0",10,"Thu Sep 13 11:06:59 2018","kallisto quant -i ../data/genomes/GCF_000009505.1_ASM950v1_cds_from_genomic.fna.gz.idx --output-dir=../results/Run_2374/SE//112314_ACTGAT_S18_L006_R1_001.fastq --threads=8 --bootstrap-samples=100 --single --fragment-length=50 --sd=1 ../data/Run_2374/oriordan/Sample_112314/112314_ACTGAT_S18_L006_R1_001.fastq.gz","Sample_112314","GCF_000009505.1_ASM950v1_cds_from_genomic.fna.gz.idx",6,"112314_ACTGAT",NA,NA,NA,"ACTGAT",NA,"oriordan","ST_2h-2","RNA","Salmonella enterica subsp. enterica serovar Enteritidis str. P125109","AM933172.1","S. Enteritidis"
"19",4642,100,19166755,4060,4014,0,0,"0.44.0",10,"Thu Sep 13 11:07:28 2018","kallisto quant -i ../data/genomes/GCF_000009505.1_ASM950v1_cds_from_genomic.fna.gz.idx --output-dir=../results/Run_2374/SE//112315_ATTCCT_S19_L006_R1_001.fastq --threads=8 --bootstrap-samples=100 --single --fragment-length=50 --sd=1 ../data/Run_2374/oriordan/Sample_112315/112315_ATTCCT_S19_L006_R1_001.fastq.gz","Sample_112315","GCF_000009505.1_ASM950v1_cds_from_genomic.fna.gz.idx",6,"112315_ATTCCT",NA,NA,NA,"ATTCCT",NA,"oriordan","ST_2h-3","RNA","Salmonella enterica subsp. enterica serovar Enteritidis str. P125109","AM933172.1","S. Enteritidis"
"20",4642,100,19610451,2583,2560,0,0,"0.44.0",10,"Thu Sep 13 11:08:06 2018","kallisto quant -i ../data/genomes/GCF_000009505.1_ASM950v1_cds_from_genomic.fna.gz.idx --output-dir=../results/Run_2374/SE//112316_GGCTAC_S20_L006_R1_001.fastq --threads=8 --bootstrap-samples=100 --single --fragment-length=50 --sd=1 ../data/Run_2374/oriordan/Sample_112316/112316_GGCTAC_S20_L006_R1_001.fastq.gz","Sample_112316","GCF_000009505.1_ASM950v1_cds_from_genomic.fna.gz.idx",6,"112316_GGCTAC",NA,NA,NA,"GGCTAC",NA,"oriordan","ST_2h-4","RNA","Salmonella enterica subsp. enterica serovar Enteritidis str. P125109","AM933172.1","S. Enteritidis"
"21",4642,100,20382027,8540,8495,0,0,"0.44.0",10,"Thu Sep 13 11:08:46 2018","kallisto quant -i ../data/genomes/GCF_000009505.1_ASM950v1_cds_from_genomic.fna.gz.idx --output-dir=../results/Run_2374/SE//112317_ACTTGA_S21_L006_R1_001.fastq --threads=8 --bootstrap-samples=100 --single --fragment-length=50 --sd=1 ../data/Run_2374/oriordan/Sample_112317/112317_ACTTGA_S21_L006_R1_001.fastq.gz","Sample_112317","GCF_000009505.1_ASM950v1_cds_from_genomic.fna.gz.idx",6,"112317_ACTTGA",NA,NA,NA,"ACTTGA",NA,"oriordan","ST_8h-1","RNA","Salmonella enterica subsp. enterica serovar Enteritidis str. P125109","AM933172.1","S. Enteritidis"
"22",4642,100,20722620,6367,6345,0,0,"0.44.0",10,"Thu Sep 13 11:09:27 2018","kallisto quant -i ../data/genomes/GCF_000009505.1_ASM950v1_cds_from_genomic.fna.gz.idx --output-dir=../results/Run_2374/SE//112318_CGTACG_S22_L006_R1_001.fastq --threads=8 --bootstrap-samples=100 --single --fragment-length=50 --sd=1 ../data/Run_2374/oriordan/Sample_112318/112318_CGTACG_S22_L006_R1_001.fastq.gz","Sample_112318","GCF_000009505.1_ASM950v1_cds_from_genomic.fna.gz.idx",6,"112318_CGTACG",NA,NA,NA,"CGTACG",NA,"oriordan","ST_8h-2","RNA","Salmonella enterica subsp. enterica serovar Enteritidis str. P125109","AM933172.1","S. Enteritidis"
"23",4642,100,13828016,2894,2885,0,0,"0.44.0",10,"Thu Sep 13 11:10:08 2018","kallisto quant -i ../data/genomes/GCF_000009505.1_ASM950v1_cds_from_genomic.fna.gz.idx --output-dir=../results/Run_2374/SE//112319_AGTTCC_S23_L006_R1_001.fastq --threads=8 --bootstrap-samples=100 --single --fragment-length=50 --sd=1 ../data/Run_2374/oriordan/Sample_112319/112319_AGTTCC_S23_L006_R1_001.fastq.gz","Sample_112319","GCF_000009505.1_ASM950v1_cds_from_genomic.fna.gz.idx",6,"112319_AGTTCC",NA,NA,NA,"AGTTCC",NA,"oriordan","ST_8h-3","RNA","Salmonella enterica subsp. enterica serovar Enteritidis str. P125109","AM933172.1","S. Enteritidis"
"24",4642,100,15811934,4682,4656,0,0,"0.44.0",10,"Thu Sep 13 11:10:36 2018","kallisto quant -i ../data/genomes/GCF_000009505.1_ASM950v1_cds_from_genomic.fna.gz.idx --output-dir=../results/Run_2374/SE//112320_GTTTCG_S24_L006_R1_001.fastq --threads=8 --bootstrap-samples=100 --single --fragment-length=50 --sd=1 ../data/Run_2374/oriordan/Sample_112320/112320_GTTTCG_S24_L006_R1_001.fastq.gz","Sample_112320","GCF_000009505.1_ASM950v1_cds_from_genomic.fna.gz.idx",6,"112320_GTTTCG",NA,NA,NA,"GTTTCG",NA,"oriordan","ST_8h-4","RNA","Salmonella enterica subsp. enterica serovar Enteritidis str. P125109","AM933172.1","S. Enteritidis"
"25",4642,100,24926670,13429,13297,0.1,0.1,"0.44.0",10,"Thu Sep 13 11:11:08 2018","kallisto quant -i ../data/genomes/GCF_000009505.1_ASM950v1_cds_from_genomic.fna.gz.idx --output-dir=../results/Run_2374/SE//112321_CGATGT_S25_L006_R1_001.fastq --threads=8 --bootstrap-samples=100 --single --fragment-length=50 --sd=1 ../data/Run_2374/oriordan/Sample_112321/112321_CGATGT_S25_L006_R1_001.fastq.gz","Sample_112321","GCF_000009505.1_ASM950v1_cds_from_genomic.fna.gz.idx",6,"112321_CGATGT",NA,NA,NA,"CGATGT",NA,"oriordan","SE_2h-1","RNA","Salmonella enterica subsp. enterica serovar Enteritidis str. P125109","AM933172.1","S. Enteritidis"
"26",4642,100,15370168,2408,2384,0,0,"0.44.0",10,"Thu Sep 13 11:11:58 2018","kallisto quant -i ../data/genomes/GCF_000009505.1_ASM950v1_cds_from_genomic.fna.gz.idx --output-dir=../results/Run_2374/SE//112322_CAGATC_S26_L006_R1_001.fastq --threads=8 --bootstrap-samples=100 --single --fragment-length=50 --sd=1 ../data/Run_2374/oriordan/Sample_112322/112322_CAGATC_S26_L006_R1_001.fastq.gz","Sample_112322","GCF_000009505.1_ASM950v1_cds_from_genomic.fna.gz.idx",6,"112322_CAGATC",NA,NA,NA,"CAGATC",NA,"oriordan","SE_2h-2","RNA","Salmonella enterica subsp. enterica serovar Enteritidis str. P125109","AM933172.1","S. Enteritidis"
"27",4642,100,23261638,15983,15798,0.1,0.1,"0.44.0",10,"Thu Sep 13 11:12:29 2018","kallisto quant -i ../data/genomes/GCF_000009505.1_ASM950v1_cds_from_genomic.fna.gz.idx --output-dir=../results/Run_2374/SE//112323_GTGAAA_S27_L006_R1_001.fastq --threads=8 --bootstrap-samples=100 --single --fragment-length=50 --sd=1 ../data/Run_2374/oriordan/Sample_112323/112323_GTGAAA_S27_L006_R1_001.fastq.gz","Sample_112323","GCF_000009505.1_ASM950v1_cds_from_genomic.fna.gz.idx",6,"112323_GTGAAA",NA,NA,NA,"GTGAAA",NA,"oriordan","SE_2h-3","RNA","Salmonella enterica subsp. enterica serovar Enteritidis str. P125109","AM933172.1","S. Enteritidis"
"28",4642,100,17389768,7839,7768,0,0,"0.44.0",10,"Thu Sep 13 11:13:15 2018","kallisto quant -i ../data/genomes/GCF_000009505.1_ASM950v1_cds_from_genomic.fna.gz.idx --output-dir=../results/Run_2374/SE//112324_TGACCA_S28_L006_R1_001.fastq --threads=8 --bootstrap-samples=100 --single --fragment-length=50 --sd=1 ../data/Run_2374/oriordan/Sample_112324/112324_TGACCA_S28_L006_R1_001.fastq.gz","Sample_112324","GCF_000009505.1_ASM950v1_cds_from_genomic.fna.gz.idx",6,"112324_TGACCA",NA,NA,NA,"TGACCA",NA,"oriordan","SE_2h-4","RNA","Salmonella enterica subsp. enterica serovar Enteritidis str. P125109","AM933172.1","S. Enteritidis"
"29",4642,100,16116872,31898,31695,0.2,0.2,"0.44.0",10,"Thu Sep 13 11:13:50 2018","kallisto quant -i ../data/genomes/GCF_000009505.1_ASM950v1_cds_from_genomic.fna.gz.idx --output-dir=../results/Run_2374/SE//112325_GAGTGG_S29_L006_R1_001.fastq --threads=8 --bootstrap-samples=100 --single --fragment-length=50 --sd=1 ../data/Run_2374/oriordan/Sample_112325/112325_GAGTGG_S29_L006_R1_001.fastq.gz","Sample_112325","GCF_000009505.1_ASM950v1_cds_from_genomic.fna.gz.idx",6,"112325_GAGTGG",NA,NA,NA,"GAGTGG",NA,"oriordan","SE_8h-1","RNA","Salmonella enterica subsp. enterica serovar Enteritidis str. P125109","AM933172.1","S. Enteritidis"
"30",4642,100,19493351,56766,56538,0.3,0.3,"0.44.0",10,"Thu Sep 13 11:14:23 2018","kallisto quant -i ../data/genomes/GCF_000009505.1_ASM950v1_cds_from_genomic.fna.gz.idx --output-dir=../results/Run_2374/SE//112326_ATCACG_S30_L006_R1_001.fastq --threads=8 --bootstrap-samples=100 --single --fragment-length=50 --sd=1 ../data/Run_2374/oriordan/Sample_112326/112326_ATCACG_S30_L006_R1_001.fastq.gz","Sample_112326","GCF_000009505.1_ASM950v1_cds_from_genomic.fna.gz.idx",6,"112326_ATCACG",NA,NA,NA,"ATCACG",NA,"oriordan","SE_8h-2","RNA","Salmonella enterica subsp. enterica serovar Enteritidis str. P125109","AM933172.1","S. Enteritidis"
"31",4642,100,22426880,42624,42446,0.2,0.2,"0.44.0",10,"Thu Sep 13 11:15:03 2018","kallisto quant -i ../data/genomes/GCF_000009505.1_ASM950v1_cds_from_genomic.fna.gz.idx --output-dir=../results/Run_2374/SE//112327_TAGCTT_S31_L007_R1_001.fastq --threads=8 --bootstrap-samples=100 --single --fragment-length=50 --sd=1 ../data/Run_2374/oriordan/Sample_112327/112327_TAGCTT_S31_L007_R1_001.fastq.gz","Sample_112327","GCF_000009505.1_ASM950v1_cds_from_genomic.fna.gz.idx",7,"112327_TAGCTT",NA,NA,NA,"TAGCTT",NA,"oriordan","SE_8h-3","RNA","Salmonella enterica subsp. enterica serovar Enteritidis str. P125109","AM933172.1","S. Enteritidis"
"32",4642,100,18693680,42775,42576,0.2,0.2,"0.44.0",10,"Thu Sep 13 11:15:48 2018","kallisto quant -i ../data/genomes/GCF_000009505.1_ASM950v1_cds_from_genomic.fna.gz.idx --output-dir=../results/Run_2374/SE//112328_GTGGCC_S32_L007_R1_001.fastq --threads=8 --bootstrap-samples=100 --single --fragment-length=50 --sd=1 ../data/Run_2374/oriordan/Sample_112328/112328_GTGGCC_S32_L007_R1_001.fastq.gz","Sample_112328","GCF_000009505.1_ASM950v1_cds_from_genomic.fna.gz.idx",7,"112328_GTGGCC",NA,NA,NA,"GTGGCC",NA,"oriordan","SE_8h-4","RNA","Salmonella enterica subsp. enterica serovar Enteritidis str. P125109","AM933172.1","S. Enteritidis"
"33",4642,100,18698815,7829,7766,0,0,"0.44.0",10,"Thu Sep 13 11:16:27 2018","kallisto quant -i ../data/genomes/GCF_000009505.1_ASM950v1_cds_from_genomic.fna.gz.idx --output-dir=../results/Run_2374/SE//112329_AGTCAA_S33_L007_R1_001.fastq --threads=8 --bootstrap-samples=100 --single --fragment-length=50 --sd=1 ../data/Run_2374/oriordan/Sample_112329/112329_AGTCAA_S33_L007_R1_001.fastq.gz","Sample_112329","GCF_000009505.1_ASM950v1_cds_from_genomic.fna.gz.idx",7,"112329_AGTCAA",NA,NA,NA,"AGTCAA",NA,"oriordan","SPI1_2h-1","RNA","Salmonella enterica subsp. enterica serovar Enteritidis str. P125109","AM933172.1","S. Enteritidis"
"34",4642,100,18391144,8020,7940,0,0,"0.44.0",10,"Thu Sep 13 11:17:04 2018","kallisto quant -i ../data/genomes/GCF_000009505.1_ASM950v1_cds_from_genomic.fna.gz.idx --output-dir=../results/Run_2374/SE//112330_GTCCGC_S34_L007_R1_001.fastq --threads=8 --bootstrap-samples=100 --single --fragment-length=50 --sd=1 ../data/Run_2374/oriordan/Sample_112330/112330_GTCCGC_S34_L007_R1_001.fastq.gz","Sample_112330","GCF_000009505.1_ASM950v1_cds_from_genomic.fna.gz.idx",7,"112330_GTCCGC",NA,NA,NA,"GTCCGC",NA,"oriordan","SPI1_2h-2","RNA","Salmonella enterica subsp. enterica serovar Enteritidis str. P125109","AM933172.1","S. Enteritidis"
"35",4642,100,21895112,4973,4938,0,0,"0.44.0",10,"Thu Sep 13 11:17:43 2018","kallisto quant -i ../data/genomes/GCF_000009505.1_ASM950v1_cds_from_genomic.fna.gz.idx --output-dir=../results/Run_2374/SE//112331_ATTCCT_S35_L007_R1_001.fastq --threads=8 --bootstrap-samples=100 --single --fragment-length=50 --sd=1 ../data/Run_2374/oriordan/Sample_112331/112331_ATTCCT_S35_L007_R1_001.fastq.gz","Sample_112331","GCF_000009505.1_ASM950v1_cds_from_genomic.fna.gz.idx",7,"112331_ATTCCT",NA,NA,NA,"ATTCCT",NA,"oriordan","SPI1_2h-3","RNA","Salmonella enterica subsp. enterica serovar Enteritidis str. P125109","AM933172.1","S. Enteritidis"
"36",4642,100,20902807,10361,10263,0,0,"0.44.0",10,"Thu Sep 13 11:18:26 2018","kallisto quant -i ../data/genomes/GCF_000009505.1_ASM950v1_cds_from_genomic.fna.gz.idx --output-dir=../results/Run_2374/SE//112332_GCCAAT_S36_L007_R1_001.fastq --threads=8 --bootstrap-samples=100 --single --fragment-length=50 --sd=1 ../data/Run_2374/oriordan/Sample_112332/112332_GCCAAT_S36_L007_R1_001.fastq.gz","Sample_112332","GCF_000009505.1_ASM950v1_cds_from_genomic.fna.gz.idx",7,"112332_GCCAAT",NA,NA,NA,"GCCAAT",NA,"oriordan","SPI1_2h-4","RNA","Salmonella enterica subsp. enterica serovar Enteritidis str. P125109","AM933172.1","S. Enteritidis"
"37",4642,100,19523994,14957,14899,0.1,0.1,"0.44.0",10,"Thu Sep 13 11:19:08 2018","kallisto quant -i ../data/genomes/GCF_000009505.1_ASM950v1_cds_from_genomic.fna.gz.idx --output-dir=../results/Run_2374/SE//112333_ATGTCA_S37_L007_R1_001.fastq --threads=8 --bootstrap-samples=100 --single --fragment-length=50 --sd=1 ../data/Run_2374/oriordan/Sample_112333/112333_ATGTCA_S37_L007_R1_001.fastq.gz","Sample_112333","GCF_000009505.1_ASM950v1_cds_from_genomic.fna.gz.idx",7,"112333_ATGTCA",NA,NA,NA,"ATGTCA",NA,"oriordan","SPI1_8h-1","RNA","Salmonella enterica subsp. enterica serovar Enteritidis str. P125109","AM933172.1","S. Enteritidis"
"38",4642,100,19839972,12241,12180,0.1,0.1,"0.44.0",10,"Thu Sep 13 11:19:48 2018","kallisto quant -i ../data/genomes/GCF_000009505.1_ASM950v1_cds_from_genomic.fna.gz.idx --output-dir=../results/Run_2374/SE//112334_CTTGTA_S38_L007_R1_001.fastq --threads=8 --bootstrap-samples=100 --single --fragment-length=50 --sd=1 ../data/Run_2374/oriordan/Sample_112334/112334_CTTGTA_S38_L007_R1_001.fastq.gz","Sample_112334","GCF_000009505.1_ASM950v1_cds_from_genomic.fna.gz.idx",7,"112334_CTTGTA",NA,NA,NA,"CTTGTA",NA,"oriordan","SPI1_8h-2","RNA","Salmonella enterica subsp. enterica serovar Enteritidis str. P125109","AM933172.1","S. Enteritidis"
"39",4642,100,21158163,9609,9551,0,0,"0.44.0",10,"Thu Sep 13 11:20:31 2018","kallisto quant -i ../data/genomes/GCF_000009505.1_ASM950v1_cds_from_genomic.fna.gz.idx --output-dir=../results/Run_2374/SE//112335_CCGTCC_S39_L007_R1_001.fastq --threads=8 --bootstrap-samples=100 --single --fragment-length=50 --sd=1 ../data/Run_2374/oriordan/Sample_112335/112335_CCGTCC_S39_L007_R1_001.fastq.gz","Sample_112335","GCF_000009505.1_ASM950v1_cds_from_genomic.fna.gz.idx",7,"112335_CCGTCC",NA,NA,NA,"CCGTCC",NA,"oriordan","SPI1_8h-3","RNA","Salmonella enterica subsp. enterica serovar Enteritidis str. P125109","AM933172.1","S. Enteritidis"
"40",4642,100,17440161,7015,6966,0,0,"0.44.0",10,"Thu Sep 13 11:21:13 2018","kallisto quant -i ../data/genomes/GCF_000009505.1_ASM950v1_cds_from_genomic.fna.gz.idx --output-dir=../results/Run_2374/SE//112336_TTAGGC_S40_L007_R1_001.fastq --threads=8 --bootstrap-samples=100 --single --fragment-length=50 --sd=1 ../data/Run_2374/oriordan/Sample_112336/112336_TTAGGC_S40_L007_R1_001.fastq.gz","Sample_112336","GCF_000009505.1_ASM950v1_cds_from_genomic.fna.gz.idx",7,"112336_TTAGGC",NA,NA,NA,"TTAGGC",NA,"oriordan","SPI1_8h-4","RNA","Salmonella enterica subsp. enterica serovar Enteritidis str. P125109","AM933172.1","S. Enteritidis"
"41",4642,100,19936387,7507,7423,0,0,"0.44.0",10,"Thu Sep 13 11:21:49 2018","kallisto quant -i ../data/genomes/GCF_000009505.1_ASM950v1_cds_from_genomic.fna.gz.idx --output-dir=../results/Run_2374/SE//112337_GATCAG_S41_L007_R1_001.fastq --threads=8 --bootstrap-samples=100 --single --fragment-length=50 --sd=1 ../data/Run_2374/oriordan/Sample_112337/112337_GATCAG_S41_L007_R1_001.fastq.gz","Sample_112337","GCF_000009505.1_ASM950v1_cds_from_genomic.fna.gz.idx",7,"112337_GATCAG",NA,NA,NA,"GATCAG",NA,"oriordan","SPI2_2h-1","RNA","Salmonella enterica subsp. enterica serovar Enteritidis str. P125109","AM933172.1","S. Enteritidis"
"42",4642,100,17750956,9900,9784,0.1,0.1,"0.44.0",10,"Thu Sep 13 11:22:29 2018","kallisto quant -i ../data/genomes/GCF_000009505.1_ASM950v1_cds_from_genomic.fna.gz.idx --output-dir=../results/Run_2374/SE//112338_ACTGAT_S42_L007_R1_001.fastq --threads=8 --bootstrap-samples=100 --single --fragment-length=50 --sd=1 ../data/Run_2374/oriordan/Sample_112338/112338_ACTGAT_S42_L007_R1_001.fastq.gz","Sample_112338","GCF_000009505.1_ASM950v1_cds_from_genomic.fna.gz.idx",7,"112338_ACTGAT",NA,NA,NA,"ACTGAT",NA,"oriordan","SPI2_2h-2","RNA","Salmonella enterica subsp. enterica serovar Enteritidis str. P125109","AM933172.1","S. Enteritidis"
"43",4642,100,19182350,6262,6191,0,0,"0.44.0",10,"Thu Sep 13 11:23:05 2018","kallisto quant -i ../data/genomes/GCF_000009505.1_ASM950v1_cds_from_genomic.fna.gz.idx --output-dir=../results/Run_2374/SE//112339_ACAGTG_S43_L007_R1_001.fastq --threads=8 --bootstrap-samples=100 --single --fragment-length=50 --sd=1 ../data/Run_2374/oriordan/Sample_112339/112339_ACAGTG_S43_L007_R1_001.fastq.gz","Sample_112339","GCF_000009505.1_ASM950v1_cds_from_genomic.fna.gz.idx",7,"112339_ACAGTG",NA,NA,NA,"ACAGTG",NA,"oriordan","SPI2_2h-3","RNA","Salmonella enterica subsp. enterica serovar Enteritidis str. P125109","AM933172.1","S. Enteritidis"
"44",4642,100,18508737,10817,10709,0.1,0.1,"0.44.0",10,"Thu Sep 13 11:23:44 2018","kallisto quant -i ../data/genomes/GCF_000009505.1_ASM950v1_cds_from_genomic.fna.gz.idx --output-dir=../results/Run_2374/SE//112340_GGCTAC_S44_L007_R1_001.fastq --threads=8 --bootstrap-samples=100 --single --fragment-length=50 --sd=1 ../data/Run_2374/oriordan/Sample_112340/112340_GGCTAC_S44_L007_R1_001.fastq.gz","Sample_112340","GCF_000009505.1_ASM950v1_cds_from_genomic.fna.gz.idx",7,"112340_GGCTAC",NA,NA,NA,"GGCTAC",NA,"oriordan","SPI2_2h-4","RNA","Salmonella enterica subsp. enterica serovar Enteritidis str. P125109","AM933172.1","S. Enteritidis"
"45",4642,100,17663701,15418,15357,0.1,0.1,"0.44.0",10,"Thu Sep 13 11:24:22 2018","kallisto quant -i ../data/genomes/GCF_000009505.1_ASM950v1_cds_from_genomic.fna.gz.idx --output-dir=../results/Run_2374/SE//112341_ACTTGA_S45_L007_R1_001.fastq --threads=8 --bootstrap-samples=100 --single --fragment-length=50 --sd=1 ../data/Run_2374/oriordan/Sample_112341/112341_ACTTGA_S45_L007_R1_001.fastq.gz","Sample_112341","GCF_000009505.1_ASM950v1_cds_from_genomic.fna.gz.idx",7,"112341_ACTTGA",NA,NA,NA,"ACTTGA",NA,"oriordan","SPI2_8h-1","RNA","Salmonella enterica subsp. enterica serovar Enteritidis str. P125109","AM933172.1","S. Enteritidis"
"46",4642,100,20386398,20754,20617,0.1,0.1,"0.44.0",10,"Thu Sep 13 11:24:57 2018","kallisto quant -i ../data/genomes/GCF_000009505.1_ASM950v1_cds_from_genomic.fna.gz.idx --output-dir=../results/Run_2374/SE//112342_CGTACG_S46_L008_R1_001.fastq --threads=8 --bootstrap-samples=100 --single --fragment-length=50 --sd=1 ../data/Run_2374/oriordan/Sample_112342/112342_CGTACG_S46_L008_R1_001.fastq.gz","Sample_112342","GCF_000009505.1_ASM950v1_cds_from_genomic.fna.gz.idx",8,"112342_CGTACG",NA,NA,NA,"CGTACG",NA,"oriordan","SPI2_8h-2","RNA","Salmonella enterica subsp. enterica serovar Enteritidis str. P125109","AM933172.1","S. Enteritidis"
"47",4642,100,26313192,17083,16967,0.1,0.1,"0.44.0",10,"Thu Sep 13 11:25:39 2018","kallisto quant -i ../data/genomes/GCF_000009505.1_ASM950v1_cds_from_genomic.fna.gz.idx --output-dir=../results/Run_2374/SE//112343_AGTTCC_S47_L008_R1_001.fastq --threads=8 --bootstrap-samples=100 --single --fragment-length=50 --sd=1 ../data/Run_2374/oriordan/Sample_112343/112343_AGTTCC_S47_L008_R1_001.fastq.gz","Sample_112343","GCF_000009505.1_ASM950v1_cds_from_genomic.fna.gz.idx",8,"112343_AGTTCC",NA,NA,NA,"AGTTCC",NA,"oriordan","SPI2_8h-3","RNA","Salmonella enterica subsp. enterica serovar Enteritidis str. P125109","AM933172.1","S. Enteritidis"
"48",4642,100,16611516,31041,30830,0.2,0.2,"0.44.0",10,"Thu Sep 13 11:26:31 2018","kallisto quant -i ../data/genomes/GCF_000009505.1_ASM950v1_cds_from_genomic.fna.gz.idx --output-dir=../results/Run_2374/SE//112344_GTTTCG_S48_L008_R1_001.fastq --threads=8 --bootstrap-samples=100 --single --fragment-length=50 --sd=1 ../data/Run_2374/oriordan/Sample_112344/112344_GTTTCG_S48_L008_R1_001.fastq.gz","Sample_112344","GCF_000009505.1_ASM950v1_cds_from_genomic.fna.gz.idx",8,"112344_GTTTCG",NA,NA,NA,"GTTTCG",NA,"oriordan","SPI2_8h-4","RNA","Salmonella enterica subsp. enterica serovar Enteritidis str. P125109","AM933172.1","S. Enteritidis"
"49",4642,100,23017573,14109,14041,0.1,0.1,"0.44.0",10,"Thu Sep 13 11:27:05 2018","kallisto quant -i ../data/genomes/GCF_000009505.1_ASM950v1_cds_from_genomic.fna.gz.idx --output-dir=../results/Run_2374/SE//112345_CGATGT_S49_L008_R1_001.fastq --threads=8 --bootstrap-samples=100 --single --fragment-length=50 --sd=1 ../data/Run_2374/oriordan/Sample_112345/112345_CGATGT_S49_L008_R1_001.fastq.gz","Sample_112345","GCF_000009505.1_ASM950v1_cds_from_genomic.fna.gz.idx",8,"112345_CGATGT",NA,NA,NA,"CGATGT",NA,"oriordan","SE-1","RNA","Salmonella enterica subsp. enterica serovar Enteritidis str. P125109","AM933172.1","S. Enteritidis"
"50",4642,100,20267310,25392,25273,0.1,0.1,"0.44.0",10,"Thu Sep 13 11:27:52 2018","kallisto quant -i ../data/genomes/GCF_000009505.1_ASM950v1_cds_from_genomic.fna.gz.idx --output-dir=../results/Run_2374/SE//112346_CAGATC_S50_L008_R1_001.fastq --threads=8 --bootstrap-samples=100 --single --fragment-length=50 --sd=1 ../data/Run_2374/oriordan/Sample_112346/112346_CAGATC_S50_L008_R1_001.fastq.gz","Sample_112346","GCF_000009505.1_ASM950v1_cds_from_genomic.fna.gz.idx",8,"112346_CAGATC",NA,NA,NA,"CAGATC",NA,"oriordan","SE-2","RNA","Salmonella enterica subsp. enterica serovar Enteritidis str. P125109","AM933172.1","S. Enteritidis"
"51",4642,100,20127119,5122,5103,0,0,"0.44.0",10,"Thu Sep 13 11:28:33 2018","kallisto quant -i ../data/genomes/GCF_000009505.1_ASM950v1_cds_from_genomic.fna.gz.idx --output-dir=../results/Run_2374/SE//112347_GTGAAA_S51_L008_R1_001.fastq --threads=8 --bootstrap-samples=100 --single --fragment-length=50 --sd=1 ../data/Run_2374/oriordan/Sample_112347/112347_GTGAAA_S51_L008_R1_001.fastq.gz","Sample_112347","GCF_000009505.1_ASM950v1_cds_from_genomic.fna.gz.idx",8,"112347_GTGAAA",NA,NA,NA,"GTGAAA",NA,"oriordan","SE-3","RNA","Salmonella enterica subsp. enterica serovar Enteritidis str. P125109","AM933172.1","S. Enteritidis"
"52",4642,100,17042506,9333,9279,0.1,0.1,"0.44.0",10,"Thu Sep 13 11:29:14 2018","kallisto quant -i ../data/genomes/GCF_000009505.1_ASM950v1_cds_from_genomic.fna.gz.idx --output-dir=../results/Run_2374/SE//112348_TGACCA_S52_L008_R1_001.fastq --threads=8 --bootstrap-samples=100 --single --fragment-length=50 --sd=1 ../data/Run_2374/oriordan/Sample_112348/112348_TGACCA_S52_L008_R1_001.fastq.gz","Sample_112348","GCF_000009505.1_ASM950v1_cds_from_genomic.fna.gz.idx",8,"112348_TGACCA",NA,NA,NA,"TGACCA",NA,"oriordan","SE-4","RNA","Salmonella enterica subsp. enterica serovar Enteritidis str. P125109","AM933172.1","S. Enteritidis"
"53",4642,100,16701456,16017,15926,0.1,0.1,"0.44.0",10,"Thu Sep 13 11:29:48 2018","kallisto quant -i ../data/genomes/GCF_000009505.1_ASM950v1_cds_from_genomic.fna.gz.idx --output-dir=../results/Run_2374/SE//112349_GAGTGG_S53_L008_R1_001.fastq --threads=8 --bootstrap-samples=100 --single --fragment-length=50 --sd=1 ../data/Run_2374/oriordan/Sample_112349/112349_GAGTGG_S53_L008_R1_001.fastq.gz","Sample_112349","GCF_000009505.1_ASM950v1_cds_from_genomic.fna.gz.idx",8,"112349_GAGTGG",NA,NA,NA,"GAGTGG",NA,"oriordan","PMN-HIO-SE-1","RNA","Salmonella enterica subsp. enterica serovar Enteritidis str. P125109","AM933172.1","S. Enteritidis"
"54",4642,100,22881018,18917,18809,0.1,0.1,"0.44.0",10,"Thu Sep 13 11:30:22 2018","kallisto quant -i ../data/genomes/GCF_000009505.1_ASM950v1_cds_from_genomic.fna.gz.idx --output-dir=../results/Run_2374/SE//112350_ATCACG_S54_L008_R1_001.fastq --threads=8 --bootstrap-samples=100 --single --fragment-length=50 --sd=1 ../data/Run_2374/oriordan/Sample_112350/112350_ATCACG_S54_L008_R1_001.fastq.gz","Sample_112350","GCF_000009505.1_ASM950v1_cds_from_genomic.fna.gz.idx",8,"112350_ATCACG",NA,NA,NA,"ATCACG",NA,"oriordan","PMN-HIO-SE-2","RNA","Salmonella enterica subsp. enterica serovar Enteritidis str. P125109","AM933172.1","S. Enteritidis"
"55",4642,100,23188113,24276,24138,0.1,0.1,"0.44.0",10,"Thu Sep 13 11:31:08 2018","kallisto quant -i ../data/genomes/GCF_000009505.1_ASM950v1_cds_from_genomic.fna.gz.idx --output-dir=../results/Run_2374/SE//112351_TAGCTT_S55_L008_R1_001.fastq --threads=8 --bootstrap-samples=100 --single --fragment-length=50 --sd=1 ../data/Run_2374/oriordan/Sample_112351/112351_TAGCTT_S55_L008_R1_001.fastq.gz","Sample_112351","GCF_000009505.1_ASM950v1_cds_from_genomic.fna.gz.idx",8,"112351_TAGCTT",NA,NA,NA,"TAGCTT",NA,"oriordan","PMN-HIO-SE-3","RNA","Salmonella enterica subsp. enterica serovar Enteritidis str. P125109","AM933172.1","S. Enteritidis"
"56",4642,100,15254956,7190,7154,0,0,"0.44.0",10,"Thu Sep 13 11:31:55 2018","kallisto quant -i ../data/genomes/GCF_000009505.1_ASM950v1_cds_from_genomic.fna.gz.idx --output-dir=../results/Run_2374/SE//112352_GTGGCC_S56_L008_R1_001.fastq --threads=8 --bootstrap-samples=100 --single --fragment-length=50 --sd=1 ../data/Run_2374/oriordan/Sample_112352/112352_GTGGCC_S56_L008_R1_001.fastq.gz","Sample_112352","GCF_000009505.1_ASM950v1_cds_from_genomic.fna.gz.idx",8,"112352_GTGGCC",NA,NA,NA,"GTGGCC",NA,"oriordan","PMN-HIO-SE-4","RNA","Salmonella enterica subsp. enterica serovar Enteritidis str. P125109","AM933172.1","S. Enteritidis"
"57",4642,100,19692069,13037,12954,0.1,0.1,"0.44.0",10,"Thu Sep 13 11:32:28 2018","kallisto quant -i ../data/genomes/GCF_000009505.1_ASM950v1_cds_from_genomic.fna.gz.idx --output-dir=../results/Run_2374/SE//112353_AGTCAA_S57_L008_R1_001.fastq --threads=8 --bootstrap-samples=100 --single --fragment-length=50 --sd=1 ../data/Run_2374/oriordan/Sample_112353/112353_AGTCAA_S57_L008_R1_001.fastq.gz","Sample_112353","GCF_000009505.1_ASM950v1_cds_from_genomic.fna.gz.idx",8,"112353_AGTCAA",NA,NA,NA,"AGTCAA",NA,"oriordan","PMN-HIO-STM-1","RNA","Salmonella enterica subsp. enterica serovar Enteritidis str. P125109","AM933172.1","S. Enteritidis"
"58",4642,100,17674516,40509,40240,0.2,0.2,"0.44.0",10,"Thu Sep 13 11:33:10 2018","kallisto quant -i ../data/genomes/GCF_000009505.1_ASM950v1_cds_from_genomic.fna.gz.idx --output-dir=../results/Run_2374/SE//112354_GTCCGC_S58_L008_R1_001.fastq --threads=8 --bootstrap-samples=100 --single --fragment-length=50 --sd=1 ../data/Run_2374/oriordan/Sample_112354/112354_GTCCGC_S58_L008_R1_001.fastq.gz","Sample_112354","GCF_000009505.1_ASM950v1_cds_from_genomic.fna.gz.idx",8,"112354_GTCCGC",NA,NA,NA,"GTCCGC",NA,"oriordan","PMN-HIO-STM-2","RNA","Salmonella enterica subsp. enterica serovar Enteritidis str. P125109","AM933172.1","S. Enteritidis"
"59",4642,100,16209378,16560,16418,0.1,0.1,"0.44.0",10,"Thu Sep 13 11:33:46 2018","kallisto quant -i ../data/genomes/GCF_000009505.1_ASM950v1_cds_from_genomic.fna.gz.idx --output-dir=../results/Run_2374/SE//112355_ACAGTG_S59_L008_R1_001.fastq --threads=8 --bootstrap-samples=100 --single --fragment-length=50 --sd=1 ../data/Run_2374/oriordan/Sample_112355/112355_ACAGTG_S59_L008_R1_001.fastq.gz","Sample_112355","GCF_000009505.1_ASM950v1_cds_from_genomic.fna.gz.idx",8,"112355_ACAGTG",NA,NA,NA,"ACAGTG",NA,"oriordan","PMN-HIO-STM-3","RNA","Salmonella enterica subsp. enterica serovar Enteritidis str. P125109","AM933172.1","S. Enteritidis"
"60",4642,100,14446015,18430,18294,0.1,0.1,"0.44.0",10,"Thu Sep 13 11:34:19 2018","kallisto quant -i ../data/genomes/GCF_000009505.1_ASM950v1_cds_from_genomic.fna.gz.idx --output-dir=../results/Run_2374/SE//112356_GCCAAT_S60_L008_R1_001.fastq --threads=8 --bootstrap-samples=100 --single --fragment-length=50 --sd=1 ../data/Run_2374/oriordan/Sample_112356/112356_GCCAAT_S60_L008_R1_001.fastq.gz","Sample_112356","GCF_000009505.1_ASM950v1_cds_from_genomic.fna.gz.idx",8,"112356_GCCAAT",NA,NA,NA,"GCCAAT",NA,"oriordan","PMN-HIO-STM-4","RNA","Salmonella enterica subsp. enterica serovar Enteritidis str. P125109","AM933172.1","S. Enteritidis"
